Crop,Crop_Year,Season,State,Area,Production,Annual_Rainfall,Fertilizer,Pesticide,Yield
Wheat,2003,Rabi,State2,268.84,5616.62,1857.31,52.5,17.26,39.5
Maize,2020,Whole Year,State18,77.07,2350.66,1077.48,50.05,34.84,24.76
Rice,2000,Kharif,State4,167.99,6866.31,1999.49,187.69,10.0,18.69
Rice,2009,Zaid,State17,409.69,6455.75,1261.08,256.36,19.79,25.2
Sorghum,2009,Kharif,State17,217.17,566.15,1898.42,326.31,11.97,7.55
Maize,2013,Rabi,State16,152.29,864.84,1456.9,340.72,8.21,38.58
Sorghum,2001,Whole Year,State19,302.63,4060.92,1498.8,388.78,17.45,2.43
Sorghum,2016,Whole Year,State4,192.89,2240.63,421.24,396.73,21.13,41.34
Maize,2001,Kharif,State3,366.7,6533.51,860.07,376.45,45.72,43.35
Maize,2009,Kharif,State19,280.2,9669.06,1286.46,463.77,11.9,31.64
Maize,2020,Zaid,State15,431.88,735.27,1225.63,165.16,25.79,43.75
Rice,2011,Rabi,State5,381.24,8193.94,1075.83,258.97,25.46,16.38
Barley,2014,Zaid,State17,393.84,6226.83,1557.02,441.09,22.08,40.02
Rice,2018,Rabi,State11,390.72,1506.01,1081.81,435.33,18.82,27.58
Sorghum,2004,Zaid,State1,184.41,5882.17,749.28,363.18,24.64,4.82
Barley,2012,Rabi,State4,81.46,6809.11,718.98,298.55,41.21,25.51
Wheat,2020,Kharif,State5,258.72,519.54,1470.86,424.18,26.94,7.64
Rice,2016,Whole Year,State6,143.45,147.51,1968.28,425.39,20.46,14.32
Maize,2020,Kharif,State20,156.87,4727.07,1555.05,442.11,25.43,36.87
Barley,2011,Whole Year,State7,497.57,4725.51,381.75,388.72,24.51,49.95
Wheat,2006,Zaid,State5,58.19,3064.55,1342.81,400.24,17.99,38.59
Barley,2017,Whole Year,State1,289.68,7153.72,977.96,124.25,47.38,35.44
Sorghum,2006,Whole Year,State11,267.34,3734.66,1681.98,437.29,21.98,28.8
Wheat,2003,Kharif,State16,247.79,745.69,616.3,69.32,45.8,34.3
Barley,2012,Whole Year,State1,235.52,5008.95,682.61,432.82,16.46,38.22
Barley,2018,Rabi,State16,186.73,2867.84,1951.16,283.59,29.71,16.86
Sorghum,2011,Rabi,State8,49.58,6108.73,786.01,170.16,20.67,31.53
Barley,2019,Rabi,State20,298.99,3829.47,526.95,224.39,19.87,39.65
Rice,2009,Zaid,State17,207.05,4818.59,1282.28,467.04,22.51,40.11
Barley,2017,Whole Year,State5,248.92,8237.6,1776.39,336.27,38.21,44.63
Maize,2016,Whole Year,State5,103.1,8364.95,1891.2,367.24,36.09,6.86
Wheat,2008,Rabi,State5,216.98,157.66,1557.3,331.95,47.01,18.25
Wheat,2015,Rabi,State4,474.1,5670.64,908.2,451.41,28.92,48.57
Wheat,2010,Zaid,State19,381.85,7331.36,1292.62,213.65,15.42,22.07
Barley,2014,Rabi,State5,82.96,6026.39,842.78,456.67,12.76,28.96
Sorghum,2011,Whole Year,State1,472.7,1124.99,1019.16,466.22,42.29,26.27
Sorghum,2004,Zaid,State7,223.34,4777.73,1671.95,325.76,12.19,46.4
Rice,2008,Whole Year,State20,45.17,6908.57,1925.25,196.34,10.56,33.19
Maize,2015,Rabi,State6,167.0,5505.42,462.92,261.85,8.59,11.49
Maize,2008,Whole Year,State1,356.53,3418.2,1176.18,376.3,17.32,2.58
Rice,2014,Whole Year,State17,130.39,6139.36,1036.31,52.3,30.24,3.63
Rice,2015,Whole Year,State5,389.47,3683.27,958.35,205.59,30.8,34.16
Sorghum,2008,Rabi,State14,243.91,4451.56,1233.27,206.38,16.44,49.54
Rice,2011,Zaid,State14,454.69,1404.17,516.62,272.5,36.55,41.31
Sorghum,2009,Whole Year,State1,308.29,2586.18,317.13,215.06,45.55,34.72
Sorghum,2009,Zaid,State15,147.41,7298.72,309.08,56.33,15.66,48.96
Wheat,2010,Zaid,State9,76.17,7074.67,1229.83,116.93,24.5,20.51
Barley,2001,Zaid,State18,177.1,8281.43,1612.47,306.54,11.69,27.67
Sorghum,2014,Whole Year,State4,60.13,7312.74,1768.9,411.07,40.71,49.43
Sorghum,2018,Zaid,State14,375.47,4600.51,784.05,449.16,31.04,35.23
Sorghum,2016,Zaid,State7,468.02,3509.0,1427.93,440.5,41.83,10.45
Barley,2016,Kharif,State19,14.33,7532.69,1219.93,122.91,21.22,18.52
Wheat,2014,Rabi,State19,125.5,688.1,845.88,64.4,20.41,32.32
Barley,2003,Whole Year,State17,485.42,684.9,1759.49,217.22,40.18,22.65
Wheat,2013,Whole Year,State8,330.2,9244.31,979.51,237.41,27.47,6.53
Rice,2011,Zaid,State4,308.61,8552.78,575.74,404.59,32.59,24.03
Barley,2009,Kharif,State14,439.16,2736.64,1640.09,286.92,38.75,27.03
Wheat,2008,Zaid,State18,119.94,7233.49,845.23,409.06,34.81,12.51
Barley,2009,Whole Year,State16,499.2,4279.06,1623.31,437.45,20.03,28.21
Sorghum,2001,Zaid,State5,97.36,6021.84,929.0,251.61,42.6,11.2
Maize,2008,Rabi,State3,378.95,9126.36,1169.93,127.03,25.57,41.11
Barley,2020,Whole Year,State20,59.97,8724.06,475.0,374.02,18.81,14.34
Rice,2007,Rabi,State19,204.4,5248.68,1377.54,464.64,20.8,37.54
Maize,2016,Zaid,State13,48.45,3806.16,1571.05,392.85,40.76,15.85
Rice,2018,Kharif,State2,220.32,1313.02,465.18,368.21,40.85,32.31
Sorghum,2015,Zaid,State17,474.4,761.29,1963.85,92.02,13.45,42.66
Rice,2005,Rabi,State16,133.82,2375.88,764.18,166.8,12.08,10.31
Sorghum,2009,Zaid,State2,369.26,7810.87,1390.66,284.32,48.39,5.97
Wheat,2003,Zaid,State8,309.49,130.98,1299.21,96.37,41.66,43.21
Rice,2014,Zaid,State20,58.55,1056.33,852.6,293.19,22.29,34.63
Barley,2003,Rabi,State6,454.29,7251.15,1825.27,251.7,15.57,6.24
Barley,2006,Kharif,State4,251.73,3491.64,1804.89,263.98,38.82,10.95
Barley,2008,Rabi,State9,432.35,5619.12,1529.36,307.59,16.04,9.98
Wheat,2013,Rabi,State17,247.08,1438.62,1330.5,308.35,14.45,12.21
Maize,2011,Kharif,State12,271.23,5711.52,1328.77,78.19,40.15,21.82
Rice,2011,Rabi,State17,49.86,7473.48,1284.49,328.24,8.45,46.33
Sorghum,2015,Rabi,State12,136.99,7970.57,431.37,76.31,26.24,29.23
Sorghum,2000,Kharif,State3,310.47,6352.69,626.49,164.97,14.94,4.97
Wheat,2006,Rabi,State2,278.79,5970.02,914.2,135.69,22.85,28.66
Barley,2011,Kharif,State5,331.26,9843.35,1389.69,187.32,49.4,35.86
Maize,2005,Whole Year,State20,154.8,3100.47,1131.77,74.55,27.1,30.11
Rice,2013,Zaid,State16,170.54,5897.49,805.35,144.15,39.11,49.1
Rice,2020,Kharif,State1,447.6,1687.84,1251.69,415.27,7.09,33.27
Sorghum,2000,Zaid,State14,353.7,7113.64,354.72,249.12,46.24,21.63
Wheat,2017,Rabi,State2,150.54,5979.13,305.16,432.36,46.49,11.53
Maize,2011,Rabi,State18,133.48,960.77,1974.31,235.88,6.32,12.4
Sorghum,2005,Whole Year,State13,179.79,9341.67,1234.66,184.45,18.96,26.52
Wheat,2006,Rabi,State17,131.31,9268.29,1689.26,138.2,11.14,37.14
Barley,2009,Rabi,State19,440.27,3248.7,1303.99,439.06,12.19,17.0
Barley,2009,Whole Year,State19,31.07,563.19,1203.81,120.09,22.28,7.18
Rice,2004,Kharif,State5,309.91,5972.65,1373.96,468.04,26.9,41.12
Maize,2016,Zaid,State7,393.85,621.95,914.69,107.6,13.0,8.24
Maize,2016,Zaid,State2,247.38,7141.34,1184.24,101.31,27.81,29.15
Sorghum,2015,Zaid,State13,10.78,7924.73,1066.9,102.21,16.01,47.97
Maize,2004,Kharif,State3,239.94,9663.89,1239.38,449.5,32.86,9.88
Rice,2014,Whole Year,State6,312.37,7241.37,1564.05,235.94,6.99,37.65
Barley,2020,Rabi,State17,87.83,9444.87,1410.97,210.61,21.48,33.39
Sorghum,2020,Whole Year,State19,426.1,8181.26,1859.2,82.16,24.06,42.36
Maize,2017,Zaid,State14,162.84,7802.08,1613.78,239.1,9.55,26.21
Barley,2002,Kharif,State10,338.13,4931.93,345.05,330.4,15.49,33.79
Barley,2015,Zaid,State8,140.8,4835.8,1013.23,84.1,31.96,39.75
Wheat,2002,Zaid,State3,92.49,134.95,1769.53,282.05,49.57,29.64
Wheat,2018,Rabi,State19,371.43,1648.93,744.24,328.58,35.6,3.64
Rice,2008,Kharif,State20,398.13,5260.08,1372.81,467.78,19.5,31.18
Barley,2011,Rabi,State14,488.28,5250.75,1802.35,420.57,11.29,46.01
Maize,2016,Whole Year,State1,158.47,4981.73,1833.55,225.71,23.07,38.07
Maize,2013,Whole Year,State17,123.5,8341.34,662.09,336.29,40.28,16.48
Sorghum,2005,Rabi,State14,436.45,8641.76,846.63,233.52,34.39,47.17
Wheat,2001,Kharif,State4,312.05,6859.5,1488.93,377.5,22.59,47.33
Sorghum,2018,Whole Year,State12,343.8,4181.97,440.59,215.29,48.49,37.17
Maize,2018,Rabi,State6,104.44,8299.02,349.11,489.92,12.16,14.28
Sorghum,2013,Whole Year,State10,283.58,4672.99,1808.23,475.37,7.41,41.73
Maize,2004,Rabi,State4,467.36,6867.21,888.09,442.41,27.04,12.48
Sorghum,2016,Zaid,State13,495.52,5773.09,1409.16,145.86,9.29,38.52
Maize,2012,Rabi,State12,264.0,2504.36,1428.56,168.86,38.06,7.34
Sorghum,2020,Zaid,State18,490.55,5859.16,910.97,125.43,45.59,19.24
Sorghum,2000,Whole Year,State3,194.13,8268.46,1166.46,298.24,48.96,33.06
Wheat,2004,Rabi,State13,198.53,5467.15,760.56,372.65,23.55,43.54
Wheat,2014,Zaid,State10,130.74,4802.91,1704.3,381.83,25.76,43.64
Rice,2012,Zaid,State6,252.41,990.88,432.54,127.01,39.15,2.24
Sorghum,2004,Zaid,State20,198.87,6667.07,1705.75,283.94,38.82,43.35
Maize,2018,Zaid,State2,86.96,5712.51,654.54,493.51,24.38,32.33
Rice,2001,Rabi,State8,246.73,5885.71,735.09,237.56,14.35,4.89
Barley,2019,Kharif,State8,459.46,6488.65,313.54,324.53,10.25,2.51
Maize,2010,Zaid,State17,18.85,1816.61,972.82,433.62,26.95,4.45
Barley,2014,Kharif,State20,458.98,2353.98,1619.19,219.27,18.55,35.89
Wheat,2018,Zaid,State12,167.7,8094.9,360.91,172.21,31.99,6.64
Barley,2011,Zaid,State4,405.79,2071.35,1151.58,224.1,43.27,43.73
Maize,2017,Kharif,State1,330.83,3691.96,1864.61,260.78,35.68,23.01
Barley,2007,Rabi,State18,293.18,8144.64,1077.1,455.41,29.34,12.72
Wheat,2013,Rabi,State11,194.1,1035.88,1569.63,283.11,38.63,46.19
Barley,2009,Whole Year,State6,326.48,120.89,1647.71,245.27,37.58,10.35
Barley,2005,Kharif,State11,464.12,9810.41,1566.13,140.01,42.59,26.12
Barley,2009,Rabi,State6,452.68,6492.33,1906.56,426.15,15.58,15.16
Wheat,2020,Rabi,State9,286.78,6533.74,1033.6,399.28,35.18,24.82
Maize,2014,Whole Year,State15,377.56,7528.0,882.65,92.72,7.52,12.68
Barley,2017,Whole Year,State19,292.94,5134.71,433.89,320.53,12.72,10.12
Rice,2003,Whole Year,State17,472.83,8588.87,1733.01,155.85,7.29,42.38
Rice,2008,Zaid,State3,158.77,9816.26,968.88,258.53,21.33,39.28
Barley,2007,Zaid,State15,393.14,5517.78,349.27,415.64,41.68,14.0
Sorghum,2017,Whole Year,State17,499.09,4939.64,1883.9,416.66,11.18,46.12
Maize,2012,Zaid,State1,495.09,2045.02,1747.33,215.8,44.06,17.23
Sorghum,2000,Rabi,State13,271.59,7559.13,1542.71,496.05,12.32,49.36
Sorghum,2006,Kharif,State19,465.65,7600.54,931.93,453.8,17.02,7.29
Wheat,2017,Zaid,State8,299.32,1458.14,1594.63,328.0,41.73,21.92
Wheat,2003,Rabi,State7,57.52,5329.6,1390.49,347.51,25.57,32.26
Barley,2009,Zaid,State18,320.4,3681.21,918.1,372.02,11.7,15.17
Wheat,2017,Kharif,State17,243.41,1437.83,635.16,468.58,35.47,25.53
Barley,2002,Rabi,State16,28.23,9273.03,1075.26,145.86,49.32,18.95
Sorghum,2012,Kharif,State1,352.08,5092.12,1919.35,387.09,15.52,31.9
Sorghum,2019,Rabi,State6,317.42,7333.89,369.42,365.35,37.97,10.42
Sorghum,2013,Kharif,State2,448.29,3601.61,451.04,211.75,39.65,4.06
Wheat,2012,Whole Year,State20,157.52,1829.77,727.0,299.76,41.34,29.78
Wheat,2012,Rabi,State10,116.61,5006.96,1871.67,257.03,47.49,24.09
Sorghum,2017,Zaid,State17,269.7,1096.59,1333.59,181.08,20.25,24.29
Barley,2004,Kharif,State16,29.05,4218.59,901.08,497.24,48.79,30.95
Barley,2018,Rabi,State9,357.68,5308.96,1780.95,463.01,35.72,21.44
Maize,2010,Kharif,State20,295.88,9726.46,1400.3,313.75,21.06,20.85
Wheat,2003,Rabi,State17,72.08,9652.27,645.46,96.42,33.12,39.32
Wheat,2019,Rabi,State15,175.75,7235.01,677.57,274.64,7.16,4.46
Maize,2016,Kharif,State1,351.39,9740.0,1506.28,201.39,39.33,7.98
Barley,2014,Zaid,State3,215.64,9430.56,1387.77,288.62,7.71,17.15
Sorghum,2013,Kharif,State4,64.27,9083.6,1594.47,488.77,21.05,5.18
Rice,2015,Rabi,State16,229.36,3752.12,1516.51,488.78,33.92,2.65
Barley,2020,Rabi,State20,191.81,6694.71,1628.4,430.7,36.35,45.11
Rice,2001,Zaid,State18,419.0,8733.1,1723.9,365.76,14.0,37.73
Wheat,2017,Zaid,State19,290.5,8254.19,1651.26,277.92,9.41,31.88
Barley,2009,Whole Year,State19,117.8,1270.62,1558.23,409.13,8.48,4.53
Sorghum,2012,Whole Year,State12,366.43,1295.01,776.78,494.87,17.08,10.22
Maize,2003,Rabi,State5,92.7,1576.74,1340.07,451.75,37.31,9.86
Wheat,2006,Rabi,State7,382.69,4278.06,1851.05,178.58,29.62,5.14
Rice,2007,Whole Year,State14,85.01,9546.71,1666.78,283.91,15.86,32.38
Sorghum,2008,Whole Year,State7,407.26,1861.98,833.97,405.68,39.48,47.31
Barley,2004,Zaid,State8,135.56,8520.14,1356.15,457.94,23.18,11.29
Barley,2012,Rabi,State2,73.63,1504.48,739.61,345.53,40.69,41.69
Sorghum,2010,Rabi,State13,415.54,3725.12,1746.48,388.74,11.11,24.97
Barley,2013,Whole Year,State2,74.89,8766.89,1300.34,487.64,11.35,19.1
Barley,2010,Kharif,State9,197.17,2204.65,1850.1,139.74,5.96,4.74
Sorghum,2015,Rabi,State20,50.51,3665.82,486.38,353.38,34.24,31.34
Sorghum,2011,Whole Year,State1,324.93,3656.57,1557.39,373.94,34.2,24.12
Maize,2014,Rabi,State20,250.25,9467.08,1859.89,231.0,46.66,13.02
Maize,2018,Rabi,State8,115.59,3402.37,719.77,252.18,25.85,20.39
Sorghum,2018,Zaid,State6,259.56,6054.25,309.03,313.15,49.34,31.09
Barley,2020,Rabi,State18,299.52,9968.0,1500.99,211.93,17.08,48.59
Sorghum,2018,Kharif,State4,85.09,2322.6,624.52,71.64,26.51,44.9
Barley,2019,Rabi,State12,325.08,381.53,1227.43,310.33,42.82,8.72
Wheat,2013,Rabi,State5,338.61,618.71,841.92,436.25,5.35,14.83
Sorghum,2017,Whole Year,State12,97.41,9376.47,1280.54,470.05,25.43,16.62
Rice,2020,Zaid,State3,138.79,8792.18,382.64,450.6,5.94,27.05
Barley,2002,Kharif,State4,39.94,7781.07,1061.11,446.0,32.97,26.42
Wheat,2001,Rabi,State1,292.99,380.75,1127.45,74.8,24.79,23.69
Sorghum,2005,Kharif,State4,381.62,9281.68,1360.28,188.74,48.58,28.97
Maize,2014,Kharif,State16,83.79,5013.22,1570.96,138.06,13.09,14.45
Barley,2008,Whole Year,State16,453.57,3389.87,574.66,376.73,24.0,23.1
Rice,2009,Whole Year,State2,42.91,4137.3,1570.0,66.54,40.75,33.93
Wheat,2010,Zaid,State3,428.75,2545.52,1248.47,308.85,45.99,49.52
Rice,2017,Whole Year,State6,185.33,2146.65,797.64,388.13,17.77,43.89
Maize,2001,Zaid,State5,365.28,3829.62,977.75,65.23,37.55,2.51
Rice,2007,Zaid,State11,360.34,6092.67,604.01,145.61,7.38,12.46
Barley,2015,Kharif,State15,103.14,7267.19,462.32,288.68,43.09,30.33
Maize,2018,Kharif,State15,482.47,1729.56,1089.56,114.53,15.64,17.24
Wheat,2004,Zaid,State14,247.11,3987.72,646.31,343.33,20.88,2.48
Sorghum,2005,Zaid,State14,335.32,1245.54,1354.47,171.82,35.39,19.98
Wheat,2007,Kharif,State20,264.55,6616.47,1621.89,376.39,16.55,36.04
Barley,2003,Rabi,State13,75.2,9474.42,716.71,434.83,21.23,25.79
Maize,2004,Whole Year,State13,136.5,7098.41,523.79,95.26,11.94,46.88
Rice,2001,Zaid,State16,105.14,1407.65,463.9,257.16,45.15,8.72
Rice,2016,Zaid,State18,429.41,735.54,615.51,390.48,16.87,19.59
Sorghum,2020,Rabi,State13,86.44,6296.58,1881.96,222.65,13.83,2.4
Rice,2016,Rabi,State14,320.22,6813.32,1947.82,372.44,25.21,21.3
Maize,2008,Kharif,State17,48.31,3330.29,1369.29,206.02,37.09,16.25
Wheat,2010,Whole Year,State3,327.01,690.39,1308.88,82.58,14.09,8.29
Maize,2012,Whole Year,State4,213.82,9380.76,1820.31,75.95,44.25,20.72
Rice,2000,Kharif,State14,206.92,826.18,1157.97,170.32,17.59,31.39
Wheat,2011,Rabi,State7,223.58,6184.91,1777.18,66.18,11.05,28.69
Barley,2004,Rabi,State10,457.1,6392.58,1498.18,55.79,13.1,43.77
Sorghum,2010,Kharif,State16,61.77,4584.49,688.84,176.19,33.48,17.39
Maize,2006,Whole Year,State16,12.83,9737.58,1800.49,292.14,15.91,40.45
Wheat,2019,Rabi,State14,309.92,7125.11,865.72,55.89,39.67,35.23
Wheat,2007,Kharif,State11,165.92,499.81,946.76,184.95,10.06,33.68
Barley,2015,Kharif,State1,170.96,7144.78,1058.25,222.12,37.4,14.32
Wheat,2017,Zaid,State11,458.17,3634.8,1007.38,257.09,10.54,31.92
Barley,2009,Kharif,State11,386.38,9665.9,1013.59,413.79,41.84,29.35
Barley,2005,Whole Year,State10,422.95,9914.14,1781.53,120.66,40.8,36.47
Barley,2008,Whole Year,State6,323.23,8798.69,1517.77,51.95,6.84,24.37
Wheat,2005,Whole Year,State20,284.87,1825.05,415.38,149.38,35.74,31.07
Rice,2006,Rabi,State2,95.27,2179.18,929.66,360.16,38.87,25.03
Maize,2017,Rabi,State15,438.76,3668.41,1469.52,398.09,36.28,34.53
Sorghum,2010,Kharif,State4,320.83,8674.76,1940.59,53.19,45.31,8.87
Barley,2014,Kharif,State2,199.48,6354.24,835.8,480.13,40.22,4.21
Rice,2016,Whole Year,State5,412.76,6198.88,1113.67,240.88,6.85,20.24
Sorghum,2007,Zaid,State4,66.81,1878.78,1137.02,161.17,16.27,13.61
Rice,2008,Whole Year,State15,177.42,8254.34,665.89,255.98,37.86,8.5
Wheat,2004,Kharif,State18,373.56,8580.78,1244.47,317.1,40.3,14.35
Barley,2015,Kharif,State20,28.07,3684.74,748.73,217.34,28.39,15.27
Rice,2005,Whole Year,State8,57.37,4696.37,1651.32,301.73,11.81,34.69
Barley,2000,Kharif,State19,327.67,9314.19,684.21,190.13,12.26,21.67
Wheat,2011,Rabi,State11,32.37,1201.7,1940.78,195.06,29.24,13.93
Wheat,2003,Zaid,State16,170.77,7677.18,841.22,79.69,21.56,11.13
Maize,2018,Kharif,State14,35.33,7590.72,1929.92,103.62,34.93,14.5
Barley,2017,Whole Year,State18,222.86,9755.23,1863.99,396.97,5.74,29.74
Barley,2018,Rabi,State1,113.91,3306.33,1170.12,421.02,40.94,36.84
Barley,2011,Rabi,State12,77.76,3915.93,1478.05,78.91,35.13,45.03
Maize,2015,Rabi,State20,306.33,7767.72,1819.57,485.25,47.24,44.41
Wheat,2000,Kharif,State19,101.89,7499.41,562.89,246.93,35.66,31.51
Rice,2012,Whole Year,State8,110.33,9239.11,501.94,155.58,25.76,46.26
Sorghum,2012,Rabi,State13,298.15,2781.0,530.7,211.76,36.48,41.58
Maize,2017,Rabi,State16,390.8,3258.61,893.01,73.16,47.73,12.29
Sorghum,2001,Kharif,State4,263.98,9415.52,1865.68,348.19,9.49,35.89
Rice,2003,Zaid,State12,385.13,2930.43,350.93,371.69,17.26,45.58
Maize,2019,Kharif,State8,42.29,2240.32,800.11,370.03,35.53,10.4
Wheat,2013,Rabi,State9,280.99,1607.83,860.22,179.78,11.26,16.83
Barley,2009,Zaid,State1,293.89,2001.35,664.13,467.35,35.99,19.51
Barley,2019,Rabi,State19,137.03,5291.84,1893.38,413.47,13.82,12.11
Rice,2013,Rabi,State13,20.03,441.47,366.73,439.4,44.34,9.03
Rice,2009,Whole Year,State15,137.71,3872.34,413.18,360.4,47.99,14.25
Sorghum,2008,Whole Year,State13,209.81,3213.69,1987.16,325.86,43.25,23.5
Maize,2002,Whole Year,State6,246.28,6182.72,692.83,318.05,21.82,26.29
Wheat,2014,Rabi,State7,473.9,1845.51,1480.18,326.65,46.55,24.0
Rice,2014,Whole Year,State12,152.07,955.26,1095.96,413.68,38.6,5.66
Barley,2005,Kharif,State2,356.45,1607.88,1320.98,138.01,38.54,17.78
Rice,2016,Zaid,State17,368.54,1336.4,395.05,156.08,11.17,29.15
Barley,2015,Kharif,State2,72.85,4402.09,821.27,105.99,44.57,42.64
Wheat,2003,Rabi,State17,33.47,3715.51,613.37,116.04,9.72,37.1
Sorghum,2008,Zaid,State4,227.06,9411.99,419.01,411.1,11.84,38.63
Maize,2008,Kharif,State16,155.8,9032.77,1785.99,338.47,42.96,33.07
Sorghum,2000,Kharif,State19,262.13,4870.61,1930.78,452.69,23.94,24.03
Rice,2020,Kharif,State3,448.49,5850.1,1837.53,231.53,39.37,35.12
Barley,2004,Whole Year,State19,174.75,8366.67,1322.63,67.95,29.1,22.86
Wheat,2007,Whole Year,State19,396.48,8362.15,1507.12,338.75,22.49,21.01
Sorghum,2019,Rabi,State15,48.47,9766.96,426.93,317.89,42.08,12.05
Rice,2004,Whole Year,State19,357.43,5955.65,1105.82,392.74,45.6,19.26
Sorghum,2015,Zaid,State1,236.62,1876.67,1984.31,373.5,12.52,37.51
Sorghum,2009,Rabi,State19,479.54,8845.13,1641.04,438.7,23.19,33.8
Wheat,2006,Whole Year,State10,418.9,8413.82,1231.66,112.85,17.21,10.9
Wheat,2014,Rabi,State11,148.2,174.53,747.53,337.23,22.85,40.63
Barley,2006,Kharif,State11,271.14,5349.32,799.28,194.58,13.56,15.53
Maize,2011,Rabi,State12,400.07,1517.43,1655.59,90.17,24.13,49.05
Sorghum,2004,Rabi,State19,146.49,9737.94,1590.9,278.36,29.79,27.31
Wheat,2000,Rabi,State1,390.2,9522.39,1754.6,443.25,34.35,49.82
Sorghum,2007,Zaid,State20,367.84,1245.02,834.36,91.11,29.65,6.41
Wheat,2002,Rabi,State12,448.21,2607.44,1873.92,147.96,35.45,35.34
Wheat,2001,Rabi,State20,83.13,1689.33,1932.34,364.57,16.11,8.1
Wheat,2009,Zaid,State7,192.51,8518.04,423.89,124.72,43.2,11.47
Rice,2010,Zaid,State12,401.26,8758.55,935.91,204.2,33.03,22.62
Maize,2019,Zaid,State20,303.27,7043.09,674.58,230.16,17.51,14.88
Rice,2014,Whole Year,State5,103.0,5133.79,669.6,103.09,17.01,17.18
Sorghum,2014,Kharif,State4,29.33,1304.2,397.38,162.27,32.12,34.0
Wheat,2007,Kharif,State16,498.1,8860.14,409.3,64.32,8.02,33.71
Barley,2007,Zaid,State2,276.69,1318.34,738.34,285.95,28.13,49.67
Wheat,2019,Kharif,State19,83.42,3889.46,1054.44,63.78,13.27,3.68
Wheat,2001,Rabi,State13,486.62,1879.37,1722.83,177.05,10.58,4.34
Rice,2016,Zaid,State20,55.75,6048.52,362.67,303.53,10.37,29.44
Sorghum,2004,Zaid,State13,376.23,8354.81,1822.77,402.38,25.31,49.79
Sorghum,2012,Zaid,State10,131.8,6101.35,1770.56,304.75,6.44,10.46
Wheat,2004,Whole Year,State12,121.96,5499.11,1663.74,412.32,25.75,24.6
Maize,2013,Whole Year,State2,429.28,9919.42,1123.71,132.06,36.7,12.0
Barley,2002,Zaid,State3,480.43,5836.88,974.82,482.73,12.45,25.51
Sorghum,2010,Whole Year,State5,454.63,7576.11,1328.3,289.87,6.61,36.69
Wheat,2015,Zaid,State13,414.88,3192.44,1078.04,413.04,10.69,19.83
Sorghum,2001,Kharif,State19,389.55,7932.39,1287.43,77.67,13.62,22.63
Barley,2011,Whole Year,State19,202.83,9505.25,477.29,250.03,34.16,31.95
Sorghum,2001,Whole Year,State18,131.53,3694.85,1640.28,77.51,26.42,37.75
Maize,2010,Kharif,State15,242.59,9204.83,1041.1,328.29,20.42,43.88
Rice,2019,Kharif,State4,145.02,5609.64,1958.25,466.7,38.02,41.72
Barley,2008,Zaid,State16,14.64,9074.89,876.68,231.04,42.17,46.22
Barley,2011,Rabi,State4,212.05,9554.36,608.62,468.39,40.14,49.28
Rice,2012,Whole Year,State8,401.15,2434.28,1218.16,465.05,40.28,31.31
Maize,2002,Rabi,State16,159.0,4235.78,1949.53,474.59,35.43,18.51
Maize,2016,Rabi,State13,482.3,4129.84,636.29,326.12,7.28,43.84
Wheat,2014,Whole Year,State10,196.91,3717.98,1984.54,170.64,37.86,43.7
Sorghum,2015,Kharif,State20,491.61,8682.59,584.81,497.66,21.88,11.15
Sorghum,2002,Zaid,State1,487.26,8048.59,842.25,98.74,35.59,35.35
Maize,2016,Whole Year,State12,254.03,5074.03,1799.54,78.46,48.01,13.5
Barley,2007,Zaid,State10,287.62,9211.63,1850.0,236.2,32.64,31.35
Sorghum,2016,Kharif,State5,279.78,6319.15,1227.28,377.57,12.88,23.69
Barley,2003,Zaid,State3,397.61,2931.02,613.03,419.67,19.74,6.62
Sorghum,2007,Whole Year,State19,336.96,9737.16,374.05,68.16,18.48,34.49
Maize,2020,Rabi,State2,445.42,2243.93,653.91,486.91,44.02,6.03
Maize,2013,Rabi,State9,67.94,374.49,681.82,101.99,5.06,9.03
Barley,2014,Whole Year,State2,351.01,606.83,347.76,89.45,43.93,18.94
Rice,2000,Zaid,State11,454.1,9173.86,1312.82,199.94,38.8,28.66
Barley,2000,Zaid,State10,465.29,5949.4,1332.92,266.54,42.64,42.74
Barley,2002,Zaid,State11,292.57,1751.03,492.06,192.12,18.2,30.56
Sorghum,2012,Kharif,State2,274.21,5561.89,1680.87,223.54,18.51,35.21
Maize,2012,Whole Year,State2,267.77,4140.85,1260.13,149.94,46.94,39.41
Barley,2015,Zaid,State7,450.02,5161.36,868.84,191.86,22.94,36.62
Rice,2000,Zaid,State17,68.79,6155.32,434.33,479.15,45.32,19.35
Barley,2016,Kharif,State11,319.42,5680.88,1971.24,303.53,20.38,45.7
Wheat,2019,Zaid,State15,338.24,2722.18,484.33,74.03,31.82,6.98
Rice,2002,Rabi,State15,46.74,1117.18,1872.92,243.06,34.38,47.52
Barley,2002,Rabi,State9,487.54,7216.69,761.57,491.89,25.53,28.04
Rice,2019,Rabi,State4,73.03,4854.49,779.61,71.47,41.1,15.99
Sorghum,2012,Whole Year,State10,428.97,6265.2,1969.8,133.28,17.71,11.58
Sorghum,2003,Zaid,State13,120.97,6271.83,1497.28,276.92,35.23,10.9
Wheat,2018,Zaid,State9,75.26,7054.08,1357.8,317.18,41.02,10.34
Sorghum,2009,Rabi,State20,232.95,9957.15,1011.58,115.88,20.69,33.51
Maize,2005,Kharif,State1,168.38,9271.85,664.62,499.38,15.55,24.24
Maize,2016,Kharif,State19,133.66,831.08,1414.51,447.89,43.85,11.89
Wheat,2017,Kharif,State5,314.45,2474.76,1395.2,191.77,45.11,11.23
Wheat,2010,Rabi,State9,93.47,4302.59,507.32,482.87,6.7,47.92
Maize,2013,Whole Year,State11,322.63,7020.87,447.3,155.3,22.91,38.15
Barley,2002,Zaid,State13,153.15,8282.91,773.36,60.14,32.09,43.27
Sorghum,2009,Whole Year,State3,110.07,788.45,381.01,207.19,19.09,13.5
Rice,2000,Kharif,State6,191.43,498.05,1424.63,53.69,44.2,17.62
Sorghum,2015,Zaid,State7,499.65,5431.06,811.16,368.5,41.97,35.29
Wheat,2010,Kharif,State5,180.4,8473.49,668.89,165.95,23.87,16.2
Barley,2005,Whole Year,State19,454.58,9160.25,1770.72,118.34,15.44,17.82
Wheat,2008,Kharif,State12,338.77,7044.18,1249.53,219.54,44.79,32.24
Maize,2003,Zaid,State18,111.22,1167.4,382.18,460.87,21.36,36.62
Barley,2016,Zaid,State9,103.97,7097.09,1245.01,421.42,21.92,48.64
Maize,2000,Whole Year,State9,451.33,7462.98,1236.11,452.16,37.88,16.31
Sorghum,2016,Kharif,State15,419.1,4956.08,577.18,353.28,33.63,30.36
Sorghum,2018,Kharif,State8,383.46,5969.68,1260.16,362.39,26.17,47.63
Barley,2005,Whole Year,State20,484.7,9243.08,1897.85,103.78,49.76,20.0
Rice,2005,Whole Year,State16,143.99,544.9,586.3,58.95,16.91,45.08
Maize,2004,Whole Year,State15,134.14,4104.88,888.9,243.51,11.57,14.11
Wheat,2002,Whole Year,State4,195.91,2369.49,1659.67,83.94,16.63,7.63
Wheat,2008,Zaid,State12,336.74,1830.69,1060.81,108.02,41.41,33.55
Sorghum,2016,Kharif,State5,108.15,2083.56,894.43,290.65,39.89,15.09
Rice,2015,Kharif,State11,339.17,7900.2,1895.14,264.38,49.3,43.69
Barley,2000,Rabi,State18,394.89,9974.44,1364.14,163.34,49.15,30.78
Maize,2018,Zaid,State12,341.17,9710.8,399.12,377.22,31.62,28.22
Barley,2004,Kharif,State4,391.75,3714.32,1938.74,330.44,9.22,14.56
Sorghum,2015,Rabi,State10,338.11,4161.01,1620.64,380.87,29.5,7.56
Sorghum,2002,Whole Year,State11,194.17,2920.45,505.62,446.9,23.79,27.69
Sorghum,2002,Whole Year,State20,171.59,1583.99,752.82,356.34,20.73,43.43
Barley,2012,Whole Year,State19,141.91,1567.55,898.96,401.19,33.92,24.37
Rice,2004,Zaid,State19,254.68,6553.73,336.94,443.05,43.3,35.84
Barley,2011,Zaid,State20,275.21,3410.71,1794.89,102.44,49.66,10.2
Rice,2007,Rabi,State10,370.09,4742.92,823.6,338.24,24.78,10.21
Maize,2014,Whole Year,State1,85.09,7076.11,1397.69,311.66,34.75,24.95
Wheat,2003,Rabi,State14,91.34,5787.78,1609.41,304.28,9.19,4.21
Wheat,2010,Zaid,State8,297.22,4678.52,622.1,59.13,34.35,31.19
Rice,2013,Zaid,State4,261.32,7116.56,1867.56,153.88,27.92,45.08
Wheat,2008,Rabi,State8,421.12,1498.37,1609.73,123.66,31.18,38.05
Sorghum,2007,Rabi,State16,161.3,5359.14,398.46,261.41,13.67,8.07
Sorghum,2020,Kharif,State2,78.08,411.13,919.03,158.34,49.13,25.3
Rice,2003,Kharif,State18,486.47,7088.18,1393.26,456.79,11.78,34.56
Barley,2004,Zaid,State9,58.26,3335.22,1008.36,265.99,7.75,9.01
Rice,2011,Kharif,State11,185.49,7696.77,323.44,56.48,31.93,25.5
Wheat,2011,Kharif,State6,407.26,5380.05,1007.54,207.67,32.55,45.54
Sorghum,2000,Whole Year,State12,216.6,1471.02,1968.8,438.02,41.13,8.0
Sorghum,2010,Zaid,State4,213.85,7965.77,1881.46,235.04,23.72,35.24
Maize,2019,Kharif,State9,309.94,1156.13,445.5,309.44,35.45,24.42
Maize,2004,Zaid,State13,128.33,1431.32,1019.5,155.54,32.24,9.36
Sorghum,2010,Kharif,State17,334.22,6872.22,1080.33,372.83,34.95,9.99
Barley,2014,Rabi,State7,59.26,8034.43,722.6,424.66,31.75,8.46
Rice,2013,Whole Year,State4,416.49,2302.58,1985.27,397.64,17.1,36.07
Barley,2008,Rabi,State16,476.14,9252.06,1063.69,333.86,37.99,3.32
Wheat,2003,Whole Year,State12,155.73,4774.04,1292.78,440.42,34.1,36.76
Wheat,2007,Rabi,State11,153.59,3599.61,1032.62,253.78,49.44,5.71
Wheat,2013,Zaid,State17,154.19,7830.37,1564.75,138.3,41.15,27.19
Rice,2015,Zaid,State10,64.57,397.53,504.55,295.84,27.66,37.39
Sorghum,2011,Zaid,State7,406.07,4062.42,1317.08,223.01,26.54,39.26
Barley,2011,Kharif,State8,491.88,2394.75,714.19,395.52,18.34,20.12
Barley,2003,Kharif,State14,133.76,9323.85,609.68,412.36,40.41,26.48
Maize,2000,Whole Year,State13,252.41,8189.69,1640.62,197.6,8.77,37.28
Sorghum,2004,Rabi,State4,428.41,1245.61,1175.2,383.49,13.72,40.14
Wheat,2001,Zaid,State3,251.08,6496.86,919.8,64.81,6.96,36.87
Maize,2000,Zaid,State5,370.79,4116.11,970.32,362.96,12.35,43.06
Sorghum,2013,Kharif,State3,439.19,2662.84,375.92,399.69,24.4,9.11
Rice,2001,Kharif,State10,493.59,746.31,1438.3,369.52,31.5,47.74
Rice,2019,Whole Year,State6,269.36,2893.73,604.33,254.66,29.32,48.77
Rice,2014,Zaid,State8,66.93,6722.99,1959.72,364.78,12.56,47.96
Sorghum,2015,Whole Year,State15,393.04,9281.38,548.01,214.18,27.36,12.12
Sorghum,2015,Rabi,State6,268.57,973.09,1092.34,186.94,5.08,46.0
Barley,2010,Kharif,State19,82.33,5823.33,1366.07,264.36,31.82,29.97
Maize,2014,Rabi,State10,94.87,6451.12,1998.14,103.27,18.13,2.49
Maize,2013,Zaid,State15,331.37,8935.05,1422.21,467.25,38.05,13.67
Rice,2004,Whole Year,State5,392.58,5728.21,667.09,438.74,49.02,46.65
Rice,2007,Zaid,State16,173.72,945.33,1481.67,204.27,28.68,2.35
Wheat,2002,Rabi,State14,357.89,7581.03,306.93,455.57,42.32,43.69
Barley,2003,Rabi,State18,211.5,215.15,312.07,158.83,41.06,2.42
Barley,2018,Kharif,State18,199.73,3837.84,1241.06,336.7,28.06,19.56
Wheat,2002,Whole Year,State15,200.23,9599.96,1285.53,188.65,33.28,43.67
Sorghum,2007,Zaid,State12,439.81,9766.5,944.35,216.3,42.45,47.01
Sorghum,2001,Rabi,State5,95.88,5880.71,563.23,292.71,46.02,2.18
Rice,2018,Zaid,State19,142.0,9664.8,940.47,256.46,46.69,39.86
Rice,2020,Rabi,State19,296.33,5776.19,1540.75,297.39,49.64,49.84
Barley,2019,Rabi,State7,442.56,1301.81,1455.0,455.82,47.21,23.37
Barley,2006,Kharif,State10,360.98,7667.64,1095.29,328.7,7.93,13.76
Maize,2016,Whole Year,State3,139.94,9480.46,869.01,429.72,12.69,46.78
Barley,2013,Zaid,State15,463.21,8152.87,1124.26,311.26,38.59,17.81
Barley,2018,Whole Year,State2,329.11,3491.62,1635.56,304.58,30.94,40.86
Maize,2000,Kharif,State16,120.93,8732.24,1235.39,184.81,25.94,5.25
Wheat,2018,Whole Year,State1,248.29,1800.49,1495.99,380.92,49.07,2.77
Sorghum,2018,Rabi,State12,329.02,9617.18,1875.97,487.67,46.71,7.35
Maize,2006,Kharif,State10,452.32,3076.83,450.88,294.62,35.7,2.11
Maize,2001,Whole Year,State13,340.24,6870.47,1287.94,461.29,16.52,3.3
Wheat,2005,Zaid,State6,74.72,2096.36,1350.92,452.7,7.85,21.24
Barley,2012,Zaid,State6,111.28,9120.78,1380.73,64.83,33.42,13.81
Barley,2003,Zaid,State3,272.46,8877.13,782.38,81.05,40.41,9.85
Wheat,2019,Kharif,State5,431.84,2586.77,1738.34,203.8,39.43,36.03
Barley,2001,Whole Year,State13,32.39,7772.44,1258.13,472.68,38.65,21.82
Wheat,2013,Rabi,State16,477.68,731.39,518.14,199.1,12.97,48.71
Sorghum,2006,Kharif,State19,143.91,2696.96,506.65,293.62,38.29,34.5
Maize,2003,Kharif,State12,43.46,3693.61,1295.27,386.7,5.1,26.49
Wheat,2001,Rabi,State7,97.04,8806.07,1053.25,96.02,33.08,39.21
Barley,2004,Kharif,State12,316.49,5736.47,895.14,111.23,49.13,18.79
Barley,2000,Zaid,State3,154.86,4731.63,1491.1,462.06,39.16,6.29
Maize,2012,Rabi,State9,438.22,9072.72,972.12,379.07,43.49,45.8
Maize,2020,Zaid,State17,328.52,5125.94,1058.31,325.77,39.38,19.47
Barley,2001,Whole Year,State15,322.39,1341.67,1480.95,437.21,16.38,11.52
Barley,2002,Kharif,State7,350.62,4526.5,1706.18,124.01,31.91,37.57
Barley,2018,Whole Year,State10,298.56,7371.71,1749.63,70.04,36.06,35.18
Wheat,2010,Zaid,State5,206.72,8768.07,921.93,102.48,30.34,4.33
Rice,2017,Rabi,State8,209.47,4723.6,437.63,233.92,39.7,37.73
Maize,2015,Zaid,State1,335.84,8020.89,1749.57,118.17,21.9,16.51
Maize,2017,Whole Year,State15,400.89,5299.54,643.53,360.79,46.84,42.79
Barley,2014,Kharif,State2,343.76,4214.89,1142.94,262.94,39.96,19.24
Sorghum,2020,Rabi,State17,269.47,5900.9,1817.84,450.3,26.33,35.17
Maize,2001,Zaid,State19,80.15,9261.23,1913.15,310.75,12.16,10.4
Sorghum,2005,Whole Year,State12,497.65,739.83,499.47,446.97,16.98,25.84
Maize,2018,Whole Year,State11,461.69,7251.69,1980.97,73.03,20.28,43.89
Maize,2018,Rabi,State4,120.83,7855.07,450.78,223.29,16.07,34.82
Sorghum,2006,Kharif,State4,361.86,7089.0,1448.88,219.36,44.06,14.01
Sorghum,2018,Kharif,State15,152.69,8301.11,1115.71,331.28,47.75,38.96
Barley,2013,Kharif,State3,343.02,5759.46,972.97,338.93,44.22,36.64
Rice,2005,Rabi,State12,308.23,7897.3,356.89,266.06,15.88,27.62
Rice,2012,Rabi,State11,224.13,8510.88,804.41,393.98,44.38,2.68
Sorghum,2014,Kharif,State12,364.33,9522.39,1021.53,343.94,21.28,8.41
Rice,2003,Kharif,State12,462.48,8451.16,1079.11,57.0,27.26,11.91
Rice,2016,Zaid,State3,211.83,3813.44,1598.73,228.38,43.26,35.14
Wheat,2003,Whole Year,State2,236.48,5426.72,900.22,497.98,34.87,7.85
Wheat,2020,Zaid,State10,33.4,8018.45,1538.27,390.08,23.66,41.51
Wheat,2011,Kharif,State14,267.76,7334.77,1905.32,241.5,20.27,12.73
Maize,2002,Rabi,State17,436.6,438.95,509.87,320.21,13.92,31.33
Rice,2018,Rabi,State13,231.24,8588.21,1174.29,51.71,28.05,6.78
Barley,2004,Kharif,State9,497.14,2379.58,981.93,216.05,40.77,19.65
Barley,2018,Rabi,State6,434.25,5788.64,492.33,437.72,6.84,17.7
Sorghum,2017,Rabi,State16,273.53,746.06,1805.46,108.76,24.03,7.81
Rice,2019,Rabi,State15,411.59,3001.37,495.43,188.52,19.43,19.55
Rice,2015,Kharif,State12,76.72,8979.95,1563.24,88.01,21.83,46.83
Maize,2012,Zaid,State17,210.72,8926.19,424.04,373.14,36.62,40.07
Wheat,2002,Whole Year,State13,190.58,1249.92,1604.65,346.4,43.23,38.72
Barley,2002,Whole Year,State7,206.02,4902.08,756.58,456.45,5.72,6.69
Rice,2004,Rabi,State15,18.84,8001.03,704.95,193.01,41.56,35.62
Barley,2018,Kharif,State9,170.4,9852.95,1787.23,238.89,31.41,31.72
Maize,2007,Rabi,State5,191.76,5814.96,1689.34,160.8,5.49,17.88
Sorghum,2010,Zaid,State11,169.81,1806.03,839.77,68.95,48.44,39.2
Sorghum,2000,Zaid,State8,18.74,7268.93,1810.1,379.47,8.65,39.36
Maize,2006,Kharif,State15,308.08,8995.21,651.6,263.99,47.16,33.3
Sorghum,2007,Rabi,State14,240.1,6222.46,750.07,456.46,26.28,29.36
Rice,2014,Whole Year,State19,222.53,7137.99,1605.41,353.19,41.56,6.17
Wheat,2019,Kharif,State6,119.61,2903.76,427.24,461.01,35.31,10.18
Wheat,2002,Zaid,State16,461.49,6272.68,976.06,297.08,40.29,41.42
Wheat,2009,Whole Year,State19,409.32,8204.75,709.49,229.15,44.79,8.07
Sorghum,2014,Kharif,State6,254.09,931.59,1655.92,121.13,17.82,21.54
Wheat,2014,Rabi,State3,162.85,4110.6,486.01,278.14,34.53,29.27
Wheat,2014,Kharif,State14,20.5,3472.07,1591.0,210.24,19.02,33.37
Sorghum,2013,Zaid,State8,498.33,805.81,840.97,161.96,14.49,49.98
Rice,2005,Whole Year,State17,269.46,2877.68,1985.05,340.47,28.77,11.91
Rice,2006,Whole Year,State16,80.62,8912.46,878.69,374.94,45.6,22.46
Barley,2017,Rabi,State6,296.23,3845.35,1295.84,103.27,7.1,23.65
Barley,2016,Rabi,State18,359.55,8165.17,434.43,93.5,24.71,3.06
Rice,2014,Kharif,State6,363.42,408.04,1183.76,297.21,8.86,27.7
Sorghum,2008,Rabi,State4,195.58,2017.64,731.05,64.96,31.0,14.34
Barley,2013,Kharif,State20,22.73,7688.79,1555.48,146.9,34.08,37.61
Rice,2017,Whole Year,State3,69.41,1804.17,358.83,367.15,14.74,5.96
Maize,2017,Whole Year,State6,447.13,4575.58,791.23,169.66,21.32,24.03
Maize,2002,Whole Year,State9,16.66,5686.38,997.19,377.1,29.4,32.68
Wheat,2016,Whole Year,State9,49.83,622.66,1268.53,108.71,40.56,4.55
Rice,2012,Zaid,State14,366.27,6897.46,1031.11,348.16,49.45,45.36
Rice,2005,Kharif,State19,314.15,8366.96,1283.46,283.75,33.57,41.41
Rice,2007,Kharif,State2,117.32,9185.26,1894.47,360.01,10.47,34.63
Barley,2001,Kharif,State19,331.39,4435.95,1941.44,297.58,18.24,33.5
Rice,2002,Kharif,State11,262.73,4512.34,1156.93,350.41,18.64,11.54
Sorghum,2017,Zaid,State20,172.49,5895.29,1417.35,243.9,45.89,47.68
Wheat,2005,Zaid,State10,244.16,7883.21,1737.46,360.15,23.83,19.58
Maize,2005,Zaid,State6,487.3,4285.31,1037.16,78.9,19.31,34.91
Wheat,2005,Whole Year,State2,450.39,4497.8,1665.48,359.7,26.8,29.72
Sorghum,2002,Zaid,State12,13.93,1263.05,702.75,338.56,19.89,42.95
Sorghum,2012,Zaid,State13,421.51,4371.85,531.44,349.92,17.41,22.78
Wheat,2013,Kharif,State8,305.6,2946.39,1038.15,185.9,39.58,46.12
Sorghum,2009,Rabi,State20,274.91,9570.01,1577.4,395.41,20.22,18.24
Wheat,2014,Zaid,State5,479.23,9562.73,785.47,203.97,30.77,18.42
Rice,2018,Zaid,State2,345.45,2228.9,982.36,161.74,27.45,17.67
Maize,2010,Kharif,State7,413.42,9235.71,1244.21,200.41,38.64,24.72
Rice,2015,Rabi,State9,98.35,9154.63,1036.88,175.01,19.16,49.3
Wheat,2019,Kharif,State17,496.54,4103.23,1378.01,380.64,39.6,24.1
Barley,2000,Zaid,State2,480.35,1449.13,1523.68,318.55,17.69,38.5
Maize,2017,Whole Year,State12,372.55,8928.6,1062.99,391.59,21.95,24.87
Barley,2011,Rabi,State12,416.86,715.07,441.21,427.09,30.95,46.34
Maize,2000,Zaid,State7,222.39,8304.85,883.62,65.68,48.06,5.5
Barley,2020,Rabi,State20,482.33,8326.62,570.8,482.49,35.21,48.75
Barley,2018,Whole Year,State5,183.12,2528.9,1874.52,455.11,7.4,25.57
Wheat,2014,Kharif,State6,206.86,7265.28,1134.53,118.27,26.67,29.69
Barley,2004,Zaid,State9,100.78,7067.06,612.8,232.0,46.64,3.12
Sorghum,2008,Whole Year,State7,283.15,8275.26,1127.75,470.28,49.28,33.04
Wheat,2004,Zaid,State2,16.72,6979.72,406.25,308.87,45.4,31.57
Barley,2004,Rabi,State20,412.29,2376.65,1657.43,428.66,36.8,12.4
Sorghum,2006,Rabi,State8,106.57,7366.97,1450.31,343.88,30.29,45.87
Rice,2007,Kharif,State14,495.3,4741.82,570.9,404.0,32.66,42.32
Rice,2014,Zaid,State17,251.13,7184.84,1878.07,460.93,29.79,31.58
Wheat,2014,Rabi,State7,241.28,1052.48,1702.38,465.76,25.67,20.95
Maize,2016,Zaid,State12,375.76,563.12,1702.87,349.29,7.07,47.11
Barley,2018,Whole Year,State10,98.93,4724.76,1374.76,200.93,13.92,13.13
Barley,2010,Rabi,State14,404.53,5352.85,1869.2,384.53,23.96,22.31
Sorghum,2013,Rabi,State20,115.2,4710.55,1561.93,327.26,17.99,22.44
Sorghum,2012,Rabi,State8,112.69,7956.52,1162.46,276.62,32.61,17.71
Rice,2015,Kharif,State10,61.39,9441.88,680.21,404.32,21.89,39.89
Sorghum,2018,Kharif,State1,409.27,5063.79,1099.0,421.77,9.84,42.33
Wheat,2006,Rabi,State16,139.49,2123.62,1483.59,474.68,9.89,37.98
Maize,2017,Rabi,State8,242.2,2262.21,409.56,421.22,43.6,13.86
Rice,2013,Kharif,State5,199.02,8437.72,1324.36,247.17,14.42,8.25
Barley,2004,Zaid,State1,394.49,3998.0,1783.9,319.61,27.35,24.49
Barley,2008,Zaid,State4,257.66,1815.87,628.38,305.14,26.61,46.35
Wheat,2010,Whole Year,State17,317.95,2283.49,1112.0,237.33,13.72,34.27
Wheat,2004,Zaid,State16,240.33,9307.62,1725.05,328.02,40.16,30.45
Rice,2007,Whole Year,State2,494.82,3385.48,1456.59,115.05,8.74,32.0
Maize,2016,Rabi,State11,212.04,7067.01,1116.84,63.42,8.67,5.47
Rice,2016,Rabi,State7,38.12,6212.75,1232.85,480.88,22.67,13.79
Wheat,2011,Kharif,State10,276.78,1734.84,1855.75,475.06,28.44,2.69
Maize,2008,Rabi,State17,206.42,4834.88,395.98,478.82,38.1,28.38
Rice,2015,Zaid,State6,320.62,1600.14,940.49,419.49,37.94,42.16
Rice,2010,Zaid,State20,49.12,839.64,755.16,468.78,31.14,29.26
Wheat,2005,Rabi,State9,137.91,4148.12,1374.34,210.07,27.67,48.54
Sorghum,2010,Zaid,State18,11.76,5860.39,1935.02,269.28,15.88,44.33
Wheat,2005,Zaid,State16,401.14,2841.97,1695.13,316.74,28.02,33.67
Sorghum,2016,Whole Year,State9,405.68,5760.18,1898.32,337.04,25.35,46.46
Maize,2017,Kharif,State10,140.75,3168.13,455.55,466.54,38.18,31.67
Sorghum,2004,Kharif,State3,271.21,8982.45,1379.92,179.17,40.08,26.66
Sorghum,2010,Zaid,State4,376.49,5504.97,465.37,349.45,44.29,43.38
Rice,2015,Whole Year,State2,261.0,3251.71,531.49,245.52,8.76,48.03
Maize,2015,Zaid,State4,430.53,638.43,1290.61,59.94,35.64,14.33
Rice,2004,Kharif,State1,416.85,8525.57,1221.1,485.9,36.76,28.47
Sorghum,2019,Kharif,State11,397.71,188.82,1534.28,309.15,32.21,41.57
Rice,2014,Zaid,State5,137.19,3962.02,1365.25,193.44,8.99,21.09
Wheat,2015,Rabi,State3,317.97,7564.01,1437.58,195.82,11.36,47.85
Wheat,2002,Whole Year,State11,110.33,3361.57,1828.05,175.96,8.38,22.99
Maize,2012,Whole Year,State5,375.05,2699.85,617.45,330.67,49.96,10.89
Wheat,2019,Rabi,State12,249.92,1704.51,1039.27,375.04,13.35,19.97
Rice,2007,Whole Year,State9,51.92,2746.35,691.15,243.8,24.11,8.73
Rice,2005,Zaid,State18,125.82,9962.83,524.89,473.21,11.94,22.67
Sorghum,2013,Whole Year,State19,98.53,5412.26,1369.68,227.59,18.43,42.02
Wheat,2017,Kharif,State13,420.05,8599.76,1558.49,286.35,17.59,14.27
Barley,2010,Rabi,State2,57.47,4676.49,1133.36,429.31,14.95,2.21
Sorghum,2001,Rabi,State16,359.52,3740.28,1537.38,499.33,27.4,10.76
Sorghum,2007,Kharif,State10,294.28,9629.38,811.12,131.1,17.04,32.51
Barley,2020,Rabi,State8,65.84,8045.79,1427.56,122.89,34.96,21.8
Rice,2004,Kharif,State9,242.57,5549.07,906.08,181.67,38.49,22.08
Rice,2008,Kharif,State6,170.32,9138.8,1197.1,262.68,16.35,37.54
Rice,2016,Zaid,State9,344.65,9188.3,1111.67,92.41,30.62,5.59
Maize,2010,Kharif,State9,46.65,9170.03,1300.67,129.99,41.95,11.33
Wheat,2009,Whole Year,State16,161.22,7656.01,1005.95,274.11,16.57,35.44
Rice,2012,Zaid,State4,211.64,6943.16,984.16,169.1,33.41,43.15
Barley,2014,Zaid,State18,137.17,2424.12,1156.19,134.52,38.4,13.87
Maize,2011,Zaid,State7,359.46,8329.36,747.42,481.6,8.68,30.56
Wheat,2009,Rabi,State19,227.65,363.52,866.95,404.86,13.53,18.98
Wheat,2015,Zaid,State3,497.18,8515.23,1576.34,217.55,33.96,14.06
Rice,2005,Zaid,State13,211.05,5154.91,1004.94,230.13,21.38,15.39
Maize,2012,Kharif,State8,285.14,1045.77,405.21,270.89,49.57,32.68
Barley,2002,Zaid,State12,486.27,8921.91,1746.59,182.09,17.94,42.88
Sorghum,2004,Rabi,State3,118.2,6346.26,437.89,285.41,42.41,39.26
Rice,2007,Zaid,State7,416.12,1121.9,1589.26,305.51,40.5,4.56
Barley,2005,Rabi,State11,381.78,9387.17,447.59,243.75,14.18,13.72
Rice,2003,Rabi,State13,114.93,5867.26,1879.14,182.26,40.57,36.17
Wheat,2001,Zaid,State16,185.12,8154.41,1514.75,467.28,49.84,41.91
Wheat,2012,Rabi,State5,389.89,2492.85,372.32,289.57,13.72,46.89
Barley,2018,Whole Year,State5,225.15,1063.53,1403.46,259.68,32.53,8.76
Barley,2019,Whole Year,State19,82.06,9898.91,762.07,353.43,21.45,21.25
Wheat,2020,Rabi,State5,288.42,9444.83,1866.84,378.78,16.6,16.97
Maize,2020,Rabi,State17,86.71,6918.61,667.01,118.71,43.17,16.33
Rice,2008,Rabi,State20,58.96,6021.98,1311.93,54.1,20.93,11.26
Rice,2004,Kharif,State1,293.54,9199.15,1367.06,487.1,21.66,47.84
Sorghum,2003,Kharif,State18,350.11,4232.99,626.06,349.14,29.69,49.17
Sorghum,2000,Rabi,State20,113.11,6043.05,1324.64,472.23,16.61,49.62
Sorghum,2015,Rabi,State15,497.5,992.25,1311.71,157.19,35.1,17.99
Sorghum,2016,Zaid,State3,337.36,9245.74,1696.93,139.26,39.17,12.54
Rice,2007,Rabi,State19,344.73,5782.8,449.1,424.36,26.89,35.75
Rice,2008,Kharif,State13,455.28,7292.61,1764.83,345.31,40.21,10.06
Maize,2020,Rabi,State11,141.31,9250.44,1267.48,145.98,25.45,10.82
Sorghum,2002,Zaid,State11,280.37,1136.88,1803.23,211.7,10.95,6.81
Rice,2006,Kharif,State1,396.86,501.9,774.76,85.51,37.53,12.36
Maize,2008,Whole Year,State13,289.66,7008.14,926.95,51.98,17.12,40.09
Wheat,2010,Zaid,State10,301.64,3638.35,1881.87,275.36,31.66,47.69
Rice,2003,Rabi,State16,184.71,5710.16,1236.46,477.6,16.37,37.57
Wheat,2020,Rabi,State12,189.38,8596.22,662.02,137.55,29.25,13.59
Wheat,2009,Whole Year,State13,57.32,8090.72,775.65,457.48,11.97,10.98
Maize,2019,Kharif,State9,303.26,3618.08,382.15,97.4,36.04,21.15
Sorghum,2003,Zaid,State5,92.23,6677.01,755.94,74.78,9.42,35.22
Sorghum,2015,Kharif,State13,411.64,9136.65,807.08,321.75,40.72,7.91
Sorghum,2011,Kharif,State11,183.13,2757.84,910.87,64.99,11.9,8.13
Sorghum,2002,Rabi,State13,100.34,868.79,1292.35,59.88,39.51,43.48
Rice,2008,Zaid,State13,151.87,8085.8,1998.67,396.98,49.01,41.82
Wheat,2007,Kharif,State1,427.24,2379.17,1350.71,371.99,5.68,35.48
Barley,2001,Zaid,State5,424.45,5725.52,1069.72,454.53,45.5,7.08
Barley,2014,Zaid,State20,251.44,4504.12,1806.12,286.62,42.69,35.75
Sorghum,2003,Zaid,State8,359.02,744.63,706.65,446.62,44.69,30.74
Maize,2014,Kharif,State8,118.37,9429.24,870.66,359.6,29.53,33.22
Barley,2007,Kharif,State11,224.18,7133.73,931.7,202.53,27.75,25.49
Wheat,2001,Zaid,State6,441.89,874.54,661.66,382.42,42.22,2.13
Wheat,2001,Whole Year,State15,385.85,671.05,1358.53,338.46,6.08,31.11
Wheat,2001,Whole Year,State11,437.7,6869.7,1942.67,454.72,24.99,30.56
Rice,2020,Whole Year,State7,47.65,7221.91,519.81,54.79,13.59,45.4
Maize,2016,Kharif,State9,131.69,4089.65,1205.66,175.08,48.93,11.67
Barley,2006,Rabi,State17,330.42,7179.17,1488.02,176.19,37.47,41.76
Rice,2016,Whole Year,State5,185.16,8883.72,1371.86,253.76,12.81,7.8
Rice,2015,Whole Year,State16,127.16,1813.13,634.98,497.61,12.53,29.97
Rice,2017,Kharif,State10,414.31,1251.84,1594.13,269.57,35.7,32.07
Wheat,2020,Zaid,State18,135.24,7362.01,1562.64,255.63,30.75,40.41
Maize,2020,Rabi,State19,274.44,2714.9,817.93,478.82,10.93,44.19
Maize,2001,Zaid,State14,381.68,1209.56,773.39,470.97,33.19,21.73
Sorghum,2016,Whole Year,State6,149.68,9259.69,1639.27,189.11,30.19,12.8
Barley,2000,Kharif,State15,214.13,780.62,1095.76,321.86,36.81,35.54
Maize,2017,Kharif,State9,161.64,1547.37,1240.86,221.19,49.33,22.01
Wheat,2009,Rabi,State15,471.58,1158.69,1368.44,79.62,47.56,42.38
Maize,2019,Whole Year,State2,157.96,4359.84,422.83,123.25,45.52,8.52
Rice,2020,Whole Year,State13,497.25,7558.67,426.34,307.93,37.65,20.14
Maize,2013,Kharif,State20,465.84,4639.45,465.32,418.01,15.85,21.89
Sorghum,2000,Rabi,State12,375.55,4391.34,980.24,417.42,10.86,40.65
Maize,2018,Zaid,State16,251.26,2974.11,1540.1,364.84,49.59,14.27
Barley,2001,Rabi,State18,360.88,3719.7,1138.15,113.75,43.65,3.86
Sorghum,2018,Zaid,State13,454.56,4973.19,1267.87,441.15,41.14,44.21
Maize,2001,Whole Year,State1,465.19,4168.1,888.59,86.35,19.24,30.96
Sorghum,2019,Rabi,State16,311.79,1313.45,370.42,444.22,6.17,27.35
Barley,2005,Whole Year,State10,155.21,152.18,1952.89,149.73,36.74,49.82
Barley,2010,Rabi,State20,355.39,8599.28,718.91,168.61,12.95,18.31
Barley,2001,Zaid,State2,433.8,9941.19,1788.91,277.23,22.81,10.22
Barley,2009,Rabi,State19,102.33,8827.81,989.68,72.05,47.4,48.39
Rice,2003,Rabi,State12,236.91,7587.97,761.65,397.2,40.19,49.23
Sorghum,2007,Whole Year,State6,173.26,4123.77,776.37,76.11,31.27,17.4
Maize,2000,Whole Year,State1,217.36,357.56,1441.51,270.53,30.77,11.29
Wheat,2004,Zaid,State11,188.07,1711.66,499.29,145.27,34.62,41.66
Wheat,2018,Zaid,State15,351.65,9520.63,1433.8,150.28,16.1,14.06
Maize,2020,Kharif,State20,362.78,2724.69,1307.46,389.05,34.86,36.22
Rice,2011,Zaid,State12,249.08,7822.27,1997.55,66.78,21.67,31.58
Wheat,2005,Zaid,State1,94.9,390.63,1092.33,223.83,19.96,28.63
Barley,2009,Kharif,State18,348.23,138.97,531.47,439.26,33.26,35.8
Rice,2004,Rabi,State9,365.34,2914.26,535.59,257.6,26.9,49.76
Rice,2014,Rabi,State9,96.4,9191.33,1576.93,388.22,15.52,20.01
Sorghum,2018,Kharif,State2,418.37,7057.06,1921.12,236.98,18.47,3.92
Sorghum,2006,Rabi,State9,343.84,129.11,965.28,398.31,40.24,35.07
Rice,2006,Rabi,State8,388.29,2140.68,1120.3,179.15,8.65,32.88
Sorghum,2001,Zaid,State6,155.79,3969.39,858.55,475.85,35.65,39.31
Sorghum,2006,Zaid,State14,29.92,9217.21,1000.94,437.09,13.54,25.48
Wheat,2000,Whole Year,State8,396.67,475.81,1903.72,271.67,37.12,28.57
Wheat,2012,Rabi,State19,377.77,8912.83,807.0,405.15,28.89,7.84
Barley,2014,Whole Year,State4,440.57,5432.57,339.33,382.9,5.86,4.34
Rice,2009,Rabi,State12,76.78,634.01,1693.5,345.05,22.75,12.94
Barley,2013,Whole Year,State7,304.33,952.69,1067.43,136.6,46.57,30.38
Barley,2008,Zaid,State5,392.11,4551.99,392.52,121.82,32.59,48.11
Sorghum,2001,Kharif,State13,103.76,4153.36,597.31,74.11,18.87,4.69
Wheat,2003,Rabi,State19,380.74,297.69,1600.1,464.46,46.45,27.62
Wheat,2005,Whole Year,State20,379.07,1509.72,427.93,188.54,47.23,34.09
Wheat,2019,Whole Year,State14,115.18,751.68,1941.06,259.75,10.81,4.07
Maize,2009,Rabi,State10,139.84,4060.9,744.12,154.09,39.22,20.29
Sorghum,2014,Zaid,State3,181.12,4878.86,898.1,380.72,48.81,37.49
Wheat,2019,Whole Year,State6,361.84,8880.17,1759.57,89.05,39.25,33.52
Barley,2001,Kharif,State1,332.14,1674.93,670.37,343.48,8.74,25.32
Rice,2013,Kharif,State10,161.05,6287.17,998.16,392.4,18.22,49.43
Sorghum,2000,Kharif,State3,445.73,3184.1,376.87,495.62,31.47,7.71
Barley,2009,Whole Year,State12,389.4,4930.82,1089.81,456.22,44.06,27.45
Sorghum,2014,Whole Year,State4,350.56,3518.38,893.03,210.06,27.12,47.33
Wheat,2014,Rabi,State3,220.81,5609.57,1956.3,93.12,18.82,10.09
Wheat,2007,Kharif,State3,156.8,3715.94,1285.83,110.86,8.2,31.88
Rice,2012,Kharif,State3,170.54,1270.29,1881.13,207.09,7.11,49.59
Sorghum,2000,Zaid,State6,363.96,8966.11,394.04,154.37,35.53,49.6
Sorghum,2012,Kharif,State18,253.78,4554.67,947.89,171.41,10.14,4.34
Sorghum,2000,Whole Year,State5,69.45,4688.54,1071.12,264.91,8.0,49.59
Maize,2006,Zaid,State6,466.19,4662.52,951.11,458.63,36.22,15.79
Wheat,2003,Rabi,State2,10.88,5289.59,777.41,263.04,49.35,32.6
Sorghum,2000,Kharif,State19,21.28,3523.28,495.95,348.86,39.94,14.63
Maize,2018,Whole Year,State19,427.77,8556.25,830.28,75.68,23.63,34.05
Barley,2004,Whole Year,State13,227.93,5334.42,1084.56,454.96,28.59,9.56
Maize,2004,Kharif,State3,198.72,2474.92,1111.07,322.67,33.95,47.96
Sorghum,2013,Zaid,State2,317.44,7554.69,1908.81,143.77,20.06,47.07
Maize,2015,Rabi,State13,409.98,9501.13,1812.26,71.08,36.28,37.15
Wheat,2001,Kharif,State2,392.98,5875.39,968.13,109.78,25.17,49.99
Sorghum,2009,Kharif,State7,162.44,3367.06,483.34,249.31,35.98,33.97
Maize,2017,Kharif,State19,235.69,3844.31,869.23,344.98,31.12,9.86
Maize,2018,Whole Year,State13,284.0,7040.84,1122.5,263.85,21.03,7.46
Barley,2011,Rabi,State17,427.78,6890.78,851.69,432.72,48.81,47.47
Wheat,2017,Rabi,State16,205.19,7812.63,897.04,219.76,7.55,22.32
Rice,2014,Whole Year,State2,410.04,3644.81,828.8,170.67,49.38,41.15
Sorghum,2001,Zaid,State9,75.9,6590.18,1261.37,317.56,15.05,34.63
Barley,2011,Rabi,State19,394.22,7974.49,474.26,277.25,38.92,14.81
Sorghum,2005,Rabi,State1,189.04,8673.07,405.12,60.88,27.27,8.76
Wheat,2000,Whole Year,State4,197.08,1498.7,1369.9,380.08,31.9,39.32
Barley,2009,Kharif,State14,463.84,9743.0,1792.16,170.2,33.06,2.97
Maize,2019,Rabi,State7,261.47,9789.69,1412.85,164.58,7.36,4.28
Rice,2012,Rabi,State1,259.43,7491.47,351.25,130.2,20.0,40.87
Barley,2018,Whole Year,State11,495.04,4168.12,1610.26,433.44,10.21,39.19
Sorghum,2006,Rabi,State14,106.9,7491.56,1977.2,367.06,26.4,47.41
Wheat,2005,Rabi,State20,463.93,552.04,1243.37,351.32,7.98,17.51
Wheat,2001,Zaid,State9,338.51,9230.3,1763.77,162.84,38.85,21.85
Wheat,2006,Rabi,State20,495.27,7051.0,1497.43,107.52,24.26,17.6
Maize,2001,Kharif,State5,273.42,4252.1,344.68,164.43,13.85,9.93
Wheat,2013,Whole Year,State15,454.41,5750.18,1470.77,320.58,25.96,2.03
Barley,2020,Whole Year,State14,380.99,7624.38,1899.65,265.42,42.29,34.46
Rice,2016,Zaid,State7,423.17,636.89,1344.98,130.83,30.4,23.3
Barley,2010,Kharif,State3,169.82,5119.4,1401.4,335.77,41.85,2.22
Sorghum,2013,Whole Year,State2,268.57,6607.84,728.37,147.04,8.45,4.24
Barley,2015,Rabi,State13,236.92,5167.02,971.17,493.96,20.46,44.29
Maize,2018,Rabi,State9,230.34,4002.65,859.29,316.9,27.95,30.56
Barley,2019,Rabi,State15,309.41,7711.67,404.97,311.35,31.48,10.4
Maize,2014,Zaid,State11,158.08,4723.97,1984.22,318.78,18.52,40.17
Barley,2019,Kharif,State3,476.81,2222.08,468.22,359.8,8.93,44.07
Sorghum,2001,Zaid,State19,57.91,1240.52,448.37,313.27,9.03,34.76
Barley,2003,Whole Year,State12,448.39,7708.99,449.95,416.28,14.5,26.01
Wheat,2014,Rabi,State5,397.03,7283.71,889.44,406.96,29.74,48.1
Sorghum,2018,Zaid,State15,199.11,7219.37,1742.1,329.47,41.66,36.09
Barley,2012,Whole Year,State8,361.45,9624.39,1828.42,241.71,41.09,35.39
Maize,2017,Rabi,State4,59.93,2189.84,1061.08,218.13,6.74,34.37
Sorghum,2009,Rabi,State20,259.99,7048.74,1754.69,256.83,28.46,7.29
Sorghum,2015,Kharif,State2,351.77,8645.41,676.81,86.62,21.14,8.98
Sorghum,2019,Rabi,State8,36.69,8794.57,371.24,198.33,11.09,46.55
Barley,2000,Zaid,State15,487.75,9159.82,1339.46,122.24,45.69,34.33
Barley,2004,Zaid,State12,189.25,7062.07,777.6,498.78,5.27,2.5
Sorghum,2017,Rabi,State7,167.69,5551.67,477.35,485.65,40.4,34.9
Maize,2000,Zaid,State8,410.98,3531.79,1809.79,199.5,26.06,9.03
Sorghum,2017,Rabi,State8,182.93,5817.09,1525.14,135.38,15.52,20.58
Wheat,2018,Rabi,State6,378.7,1663.54,1331.15,457.59,7.93,44.83
Wheat,2011,Kharif,State7,189.2,8473.89,1877.25,259.89,23.9,3.22
Maize,2009,Rabi,State7,256.72,8790.32,1845.77,451.21,48.11,23.42
Rice,2002,Kharif,State7,414.56,9773.51,571.03,385.24,41.1,40.69
Maize,2020,Kharif,State11,261.81,7150.83,737.09,224.91,32.59,4.4
Sorghum,2008,Whole Year,State9,404.52,5335.53,500.94,398.33,26.95,33.04
Barley,2000,Rabi,State7,415.53,867.91,1806.17,160.88,36.63,24.37
Wheat,2001,Zaid,State14,19.14,3322.84,1813.71,370.15,37.53,15.29
Sorghum,2003,Whole Year,State10,24.61,9074.95,943.57,496.45,37.39,3.53
Maize,2001,Whole Year,State1,266.11,1017.37,1602.4,326.06,24.45,12.95
Maize,2014,Whole Year,State16,246.45,3017.13,1977.93,464.45,46.74,7.36
Sorghum,2008,Kharif,State13,185.67,3982.08,1090.84,424.79,6.24,14.13
Rice,2010,Rabi,State7,288.58,8876.65,486.52,279.23,8.3,48.33
Barley,2015,Kharif,State1,165.62,926.41,642.56,253.39,46.27,32.18
Sorghum,2011,Whole Year,State6,136.11,7519.75,909.75,406.62,29.06,44.16
Rice,2013,Whole Year,State18,457.06,6830.52,1754.96,189.18,8.21,11.97
Barley,2001,Rabi,State17,181.29,8535.52,1557.17,321.93,33.73,19.3
Maize,2013,Whole Year,State5,383.66,2380.38,928.1,100.1,44.56,33.17
Sorghum,2018,Rabi,State13,29.57,2267.89,1031.83,372.3,19.49,19.02
Sorghum,2013,Whole Year,State19,483.94,5879.15,1440.43,178.13,27.38,36.22
Maize,2008,Kharif,State18,354.35,1596.55,681.64,122.89,44.13,43.34
Maize,2019,Rabi,State11,435.41,6988.94,411.06,496.21,28.93,23.49
Wheat,2012,Zaid,State4,69.24,1333.36,636.7,283.15,36.31,26.94
Barley,2015,Rabi,State9,370.34,8432.55,1818.4,151.89,10.04,25.96
Sorghum,2005,Rabi,State5,242.59,2868.09,1219.79,159.18,37.36,10.75
Maize,2020,Zaid,State6,222.33,1071.75,767.01,378.56,30.77,22.38
Sorghum,2001,Whole Year,State1,218.49,4601.89,681.69,73.26,43.53,49.8
Sorghum,2012,Rabi,State7,252.4,5484.94,508.07,171.0,34.17,5.11
Sorghum,2012,Whole Year,State17,100.15,5638.05,662.56,257.99,22.42,23.36
Barley,2016,Zaid,State16,228.0,4671.72,1127.4,339.7,22.97,29.67
Maize,2016,Kharif,State10,107.94,4761.13,1209.92,244.89,17.81,27.75
Barley,2002,Rabi,State10,315.72,6916.49,570.01,392.36,13.74,30.41
Barley,2012,Zaid,State12,241.83,5595.19,1863.04,71.39,39.74,9.85
Wheat,2000,Kharif,State11,343.12,6698.37,1469.83,422.92,15.99,4.31
Sorghum,2007,Rabi,State17,493.48,4821.05,1043.15,438.64,35.68,29.78
Sorghum,2015,Rabi,State5,467.93,1090.18,627.45,449.37,33.51,34.77
Wheat,2007,Kharif,State8,123.82,4828.98,422.48,442.4,34.3,18.11
Barley,2007,Kharif,State13,406.93,5979.79,564.26,421.83,6.37,36.08
Wheat,2005,Zaid,State9,465.79,5475.6,1532.78,440.76,45.88,44.8
Rice,2017,Zaid,State3,24.8,3771.7,696.5,468.37,28.31,15.15
Sorghum,2007,Zaid,State3,119.07,1351.11,1202.8,201.57,36.07,47.23
Sorghum,2014,Zaid,State19,493.9,7854.7,1302.8,139.9,16.11,47.54
Sorghum,2008,Rabi,State4,39.31,5897.31,1239.44,321.18,46.58,13.95
Rice,2018,Zaid,State10,226.84,1402.58,1455.6,137.91,24.33,33.35
Wheat,2018,Rabi,State11,105.36,2088.73,1936.65,149.54,26.02,48.76
Maize,2013,Zaid,State16,279.62,704.58,875.76,379.89,12.17,47.52
Rice,2008,Kharif,State14,452.79,657.35,1471.55,209.0,6.24,24.87
Wheat,2007,Zaid,State20,201.87,7863.74,665.32,472.32,46.85,7.76
Wheat,2002,Kharif,State19,141.03,5957.47,1682.8,251.88,22.24,23.52
Wheat,2007,Zaid,State8,68.62,9030.22,1346.71,456.42,31.98,29.85
Maize,2013,Zaid,State7,259.79,1804.3,579.56,64.92,44.16,13.28
Rice,2008,Zaid,State20,166.72,3196.73,1535.19,104.74,16.1,29.04
Rice,2015,Kharif,State7,158.93,4071.76,1222.78,231.06,26.19,25.5
Maize,2004,Kharif,State10,55.23,6943.13,434.34,159.89,24.39,14.34
Maize,2004,Rabi,State8,316.18,7457.86,335.82,390.82,33.91,3.49
Maize,2013,Whole Year,State4,476.86,3698.39,610.58,498.69,43.46,46.96
Wheat,2013,Rabi,State14,399.33,8548.36,1235.68,279.91,47.12,45.04
Sorghum,2004,Zaid,State7,251.47,1532.38,931.55,491.65,44.21,38.53
Wheat,2016,Kharif,State17,385.93,9552.78,1686.85,420.26,30.08,49.18
Rice,2001,Rabi,State14,285.22,6804.66,1626.52,301.61,42.47,43.35
Rice,2007,Zaid,State7,64.97,9248.07,811.68,102.63,9.99,37.68
Barley,2004,Zaid,State3,323.42,8345.79,361.34,363.7,26.47,26.74
Wheat,2008,Kharif,State9,202.2,3341.2,1052.62,297.46,16.52,32.04
Maize,2001,Zaid,State12,136.59,9363.06,1632.3,160.55,12.19,4.46
Barley,2006,Kharif,State19,387.47,7844.97,393.56,383.97,18.43,14.5
Maize,2018,Kharif,State2,369.93,5039.57,880.98,425.92,29.82,39.62
Rice,2011,Whole Year,State6,45.04,1840.42,1455.08,480.79,18.9,26.04
Maize,2013,Rabi,State3,187.86,5108.31,1127.88,348.68,45.73,32.86
Barley,2019,Zaid,State7,374.35,6715.4,990.37,364.11,17.95,7.99
Barley,2009,Rabi,State1,103.71,237.13,327.73,290.63,20.59,48.35
Rice,2014,Rabi,State15,290.19,7435.56,1923.69,373.21,48.54,41.76
Sorghum,2014,Zaid,State9,26.73,1837.15,1416.13,54.97,21.76,16.75
Maize,2013,Kharif,State14,71.97,3656.14,819.35,337.15,23.19,46.12
Sorghum,2017,Whole Year,State7,190.18,4645.66,471.85,85.0,7.99,2.53
Barley,2002,Zaid,State15,64.12,2024.41,1110.47,362.76,38.44,29.12
Barley,2007,Kharif,State7,68.51,2284.58,1218.67,215.01,37.35,40.99
Maize,2014,Rabi,State7,450.53,4765.95,772.62,481.33,16.13,21.53
Rice,2015,Zaid,State3,136.21,6920.07,1635.91,255.88,7.94,33.04
Rice,2004,Kharif,State2,141.58,543.51,1245.97,236.05,40.18,30.69
Maize,2006,Whole Year,State10,217.96,2345.96,1214.26,303.85,16.54,5.09
Barley,2011,Rabi,State12,66.06,6720.98,470.59,430.43,49.19,27.56
Barley,2012,Rabi,State4,80.83,8939.03,364.17,293.69,22.11,39.42
Maize,2020,Rabi,State13,363.65,528.83,1498.57,481.38,33.9,29.81
Barley,2010,Rabi,State1,384.79,6894.32,1834.65,369.58,30.6,12.57
Barley,2005,Kharif,State13,88.67,3448.79,1585.42,486.66,43.14,21.75
Sorghum,2002,Zaid,State1,295.24,3347.64,1454.21,455.53,13.21,2.08
Rice,2002,Whole Year,State13,296.55,1452.53,1998.14,133.53,16.14,35.35
Barley,2015,Rabi,State10,120.07,6550.82,1927.01,430.96,37.65,31.05
Wheat,2006,Zaid,State1,160.21,8270.93,1245.77,477.27,6.3,14.9
Wheat,2006,Rabi,State14,372.83,8660.53,1574.7,471.26,31.03,9.61
Barley,2012,Zaid,State12,233.04,5984.52,1849.98,177.38,7.77,42.74
Sorghum,2016,Whole Year,State19,43.56,6546.67,811.78,112.59,9.84,37.67
Maize,2007,Kharif,State18,191.04,819.23,1306.62,172.17,41.25,23.23
Sorghum,2003,Whole Year,State19,163.46,9820.09,1950.75,364.98,5.27,11.54
Rice,2012,Kharif,State15,339.79,9404.21,1052.65,326.59,31.25,28.51
Barley,2001,Zaid,State5,241.34,6197.16,792.76,445.88,42.4,35.68
Rice,2011,Rabi,State6,486.36,7684.69,569.62,179.29,18.5,28.45
Sorghum,2007,Kharif,State9,395.32,9642.17,1223.08,489.68,48.4,13.9
Rice,2006,Kharif,State10,494.07,7329.46,1184.73,464.44,26.69,43.19
Maize,2014,Kharif,State5,178.35,2979.65,722.62,456.69,45.05,47.64
Rice,2004,Rabi,State5,122.82,2869.86,1796.63,107.78,8.53,29.8
Maize,2009,Kharif,State11,403.43,4510.13,1321.13,55.67,31.66,20.77
Wheat,2007,Whole Year,State6,200.64,2140.54,808.34,54.47,22.51,18.14
Wheat,2001,Zaid,State18,286.4,626.81,1612.75,473.74,44.98,34.19
Sorghum,2002,Rabi,State12,408.37,8565.31,798.72,304.89,18.52,44.66
Maize,2004,Zaid,State16,370.65,2543.28,881.64,379.35,17.61,49.27
Wheat,2018,Whole Year,State10,158.87,4138.24,717.44,192.66,35.71,25.66
Sorghum,2006,Zaid,State14,416.01,8044.62,1291.49,392.07,7.37,4.31
Sorghum,2010,Zaid,State14,30.7,2772.35,329.6,195.66,37.57,8.3
Barley,2019,Kharif,State3,189.61,3967.03,1857.07,319.39,39.47,47.13
Maize,2018,Zaid,State5,456.53,9603.49,1609.07,268.33,26.57,44.31
Barley,2020,Whole Year,State10,295.9,1976.99,1073.71,342.75,49.86,22.75
Maize,2014,Whole Year,State19,302.29,8814.62,435.18,132.52,20.28,11.58
Wheat,2020,Zaid,State3,459.97,2225.16,1665.2,177.35,6.19,14.93
Sorghum,2007,Kharif,State7,469.05,3460.45,1241.49,252.63,24.06,42.54
Maize,2004,Whole Year,State5,378.15,1670.93,1408.93,168.09,13.61,45.74
Sorghum,2013,Zaid,State5,41.3,7435.21,850.86,300.93,42.66,32.55
Maize,2015,Rabi,State8,12.96,4061.23,1923.01,121.97,10.48,18.43
Barley,2011,Zaid,State10,434.14,1807.43,1485.64,255.68,25.38,43.65
Barley,2003,Kharif,State12,56.29,6422.7,1780.19,446.0,28.46,8.8
Sorghum,2006,Rabi,State18,369.5,4709.69,1439.78,50.39,24.42,47.98
Maize,2008,Whole Year,State7,465.22,7475.5,500.74,190.74,22.69,39.93
Barley,2017,Rabi,State16,331.06,6366.9,1261.6,382.0,13.94,46.1
Wheat,2007,Kharif,State10,269.4,1385.74,659.1,124.55,22.72,38.8
Rice,2006,Kharif,State17,119.41,2865.21,745.46,336.88,8.68,29.21
Barley,2004,Rabi,State15,280.51,7501.3,848.93,353.48,37.8,10.22
Rice,2001,Kharif,State6,197.64,7441.43,1309.15,385.8,25.79,2.38
Sorghum,2009,Rabi,State2,378.95,9075.78,1274.23,199.7,49.42,24.98
Wheat,2005,Rabi,State7,17.77,102.33,377.03,434.16,33.04,44.12
Sorghum,2009,Zaid,State8,203.58,4600.56,1984.69,292.29,19.06,13.13
Wheat,2014,Whole Year,State17,223.83,7368.85,1229.31,134.01,10.32,26.37
Wheat,2009,Rabi,State18,452.05,7520.34,1843.35,65.6,47.88,36.35
Maize,2002,Whole Year,State20,57.04,5114.83,1347.25,405.77,6.94,24.06
Wheat,2007,Rabi,State14,94.8,3047.55,1758.4,425.64,23.94,13.82
Rice,2009,Rabi,State18,459.45,4090.4,1587.1,196.9,24.24,6.27
Barley,2015,Zaid,State2,405.73,4508.13,688.96,428.8,13.34,31.32
Barley,2018,Zaid,State13,161.91,8673.59,661.49,106.44,30.52,48.5
Sorghum,2016,Zaid,State12,190.93,8976.68,904.03,309.23,38.03,35.11
Barley,2012,Zaid,State9,218.25,6264.29,1520.93,201.07,11.37,29.44
Sorghum,2005,Rabi,State1,413.82,5165.83,414.44,152.95,48.87,19.49
Sorghum,2009,Kharif,State16,164.45,5346.93,792.61,419.37,37.81,49.33
Wheat,2003,Kharif,State12,97.7,1586.38,524.25,333.22,29.43,35.98
Maize,2013,Whole Year,State4,327.62,7140.86,733.43,274.35,29.92,12.54
Wheat,2009,Rabi,State5,92.29,9051.27,1355.35,225.61,42.5,24.12
Rice,2010,Kharif,State8,83.61,2527.72,778.43,222.29,38.08,5.49
Wheat,2006,Zaid,State2,335.67,1853.6,1456.72,114.55,26.76,26.24
Wheat,2005,Kharif,State4,305.73,3140.11,648.38,57.05,11.09,21.94
Rice,2005,Zaid,State9,17.89,1490.86,942.65,385.24,11.76,28.86
Rice,2015,Whole Year,State16,355.11,4730.38,1402.1,50.3,11.77,27.1
Rice,2000,Zaid,State5,426.36,6401.74,750.6,331.73,23.44,36.59
Rice,2007,Whole Year,State16,78.67,5607.06,1765.94,202.76,44.83,25.9
Sorghum,2019,Rabi,State9,157.3,8586.87,1805.62,118.09,46.22,36.81
Maize,2001,Zaid,State11,118.24,8311.19,1778.39,413.55,13.59,14.09
Wheat,2005,Rabi,State16,438.13,7346.92,604.41,254.2,38.67,46.89
Rice,2007,Zaid,State3,44.31,3606.52,1720.08,306.11,42.81,10.28
Rice,2008,Kharif,State12,299.73,6349.53,1938.98,196.68,6.39,47.21
Maize,2001,Kharif,State3,200.63,2301.05,681.71,342.03,41.21,42.96
Wheat,2017,Whole Year,State1,283.5,1397.87,1306.66,172.55,12.68,42.43
Wheat,2012,Rabi,State16,446.68,5368.53,1914.86,88.62,9.12,15.61
Sorghum,2006,Whole Year,State18,473.2,1540.35,617.68,450.19,40.7,28.97
Wheat,2005,Zaid,State1,30.78,894.61,517.68,382.53,40.77,31.6
Rice,2019,Whole Year,State1,256.06,5685.84,1377.7,79.26,9.69,6.68
Wheat,2004,Whole Year,State8,51.14,7806.45,464.88,254.3,40.74,45.4
Maize,2019,Whole Year,State19,53.34,4639.65,1314.3,260.05,46.45,38.63
Barley,2018,Zaid,State16,176.1,2427.69,622.21,365.89,33.05,4.02
Sorghum,2003,Kharif,State1,93.63,1003.99,1475.88,118.85,47.14,12.93
Wheat,2003,Zaid,State20,153.55,7242.22,605.83,359.11,16.17,22.65
Sorghum,2007,Whole Year,State9,131.52,1091.31,1837.91,154.94,42.1,25.61
Sorghum,2007,Whole Year,State16,184.71,6041.57,1290.94,175.85,40.26,46.94
Rice,2007,Zaid,State20,288.42,7393.38,1789.49,497.8,25.46,36.1
Maize,2013,Kharif,State6,365.27,8147.83,1439.83,415.87,33.39,3.3
Rice,2011,Zaid,State7,60.62,8535.24,1034.37,87.04,45.2,47.97
Sorghum,2001,Zaid,State20,482.61,5321.73,1330.2,484.69,6.68,5.44
Rice,2013,Rabi,State7,281.89,5737.93,546.54,254.9,49.74,18.84
Sorghum,2017,Whole Year,State20,439.89,8466.79,1122.49,411.18,32.55,29.78
Maize,2012,Zaid,State1,311.44,6468.05,679.83,176.03,22.4,23.19
Rice,2000,Zaid,State2,288.28,3823.46,955.49,406.01,37.11,42.35
Rice,2004,Kharif,State3,446.46,4602.36,495.24,446.05,48.57,18.58
Maize,2017,Rabi,State5,357.56,4183.82,1054.36,278.22,26.28,17.67
Rice,2010,Zaid,State17,478.0,3354.86,324.59,406.6,36.94,26.03
Barley,2005,Kharif,State5,260.79,2470.07,1832.37,168.98,8.23,14.02
Rice,2001,Whole Year,State16,60.65,1287.04,352.19,243.47,10.36,41.19
Rice,2002,Whole Year,State11,297.92,2498.86,1948.89,272.75,16.08,30.03
Maize,2017,Rabi,State12,37.09,6382.78,1554.07,410.33,26.98,44.23
Maize,2019,Kharif,State3,50.8,6573.37,537.03,153.09,29.31,28.92
Rice,2015,Whole Year,State2,281.56,8601.61,550.51,259.98,39.83,31.03
Barley,2000,Zaid,State19,389.65,3227.23,599.13,150.08,42.78,37.76
Wheat,2010,Zaid,State9,151.37,7986.57,1557.73,179.6,49.37,8.1
Wheat,2017,Rabi,State10,46.43,9609.17,1130.86,460.13,49.08,44.47
Rice,2019,Kharif,State15,80.44,9746.05,1148.1,349.02,30.63,11.25
Wheat,2020,Kharif,State8,80.0,1315.5,1143.78,471.36,30.49,47.54
Rice,2018,Zaid,State5,450.88,2923.79,1165.22,409.67,20.22,48.8
Barley,2000,Kharif,State6,183.83,7873.51,326.65,161.78,15.37,36.03
Maize,2015,Rabi,State5,458.72,4199.75,1118.5,51.45,40.67,9.42
Barley,2018,Zaid,State1,113.15,2550.49,688.62,240.51,13.67,15.05
Wheat,2012,Rabi,State4,418.93,9941.76,1659.18,169.5,21.54,47.63
Maize,2002,Zaid,State13,425.92,5650.97,428.48,375.38,16.31,9.44
Sorghum,2002,Whole Year,State18,216.33,2243.58,1320.05,216.69,21.13,36.12
Maize,2011,Rabi,State11,438.56,6752.46,1629.24,50.87,32.56,31.25
Maize,2019,Whole Year,State18,474.89,7086.07,1829.82,65.69,14.13,28.44
Maize,2020,Zaid,State5,459.11,5098.48,677.44,79.23,23.35,49.28
Wheat,2008,Kharif,State12,208.17,1546.24,413.46,489.8,17.2,26.65
Sorghum,2009,Kharif,State7,264.14,5724.43,1276.11,299.21,38.16,41.77
Sorghum,2008,Zaid,State10,300.99,6198.04,1722.37,83.9,35.07,3.47
Rice,2016,Zaid,State12,306.17,5334.4,1089.26,425.9,24.25,16.46
Wheat,2015,Zaid,State3,166.79,5387.55,708.27,204.11,31.43,5.38
Maize,2019,Whole Year,State1,461.43,4983.69,1835.65,333.75,30.8,8.86
Wheat,2011,Rabi,State10,90.94,2103.38,670.64,140.14,25.16,13.93
Maize,2017,Rabi,State7,312.88,9829.07,1917.3,136.98,38.7,12.04
Rice,2013,Zaid,State10,444.71,2977.64,1681.4,337.75,39.57,45.59
Barley,2018,Whole Year,State16,489.67,7310.93,633.32,142.22,17.64,45.46
Rice,2003,Rabi,State9,41.08,7110.66,1954.81,145.6,40.59,19.73
Barley,2007,Zaid,State14,170.64,7497.34,1022.03,216.85,27.44,20.39
Maize,2006,Kharif,State1,134.49,8802.26,1065.89,420.93,29.83,19.07
Maize,2004,Whole Year,State1,387.31,9723.41,576.15,328.18,10.23,33.61
Wheat,2018,Whole Year,State17,172.68,394.03,607.54,140.52,22.81,3.92
Rice,2008,Whole Year,State5,213.6,5216.42,532.47,141.42,42.01,7.71
Wheat,2011,Rabi,State16,300.03,6737.19,1242.72,331.53,26.94,15.74
Sorghum,2017,Kharif,State20,101.18,3610.92,478.49,496.2,19.31,4.19
Sorghum,2006,Whole Year,State16,360.84,6707.83,1791.42,252.49,19.82,35.35
Barley,2007,Rabi,State12,456.74,5471.19,1681.58,220.41,20.26,35.19
Maize,2009,Zaid,State12,369.37,9882.59,985.03,76.85,18.3,22.79
Maize,2017,Zaid,State10,312.11,5627.77,1679.33,398.16,40.49,47.61
Rice,2007,Whole Year,State5,156.72,9468.7,1838.99,204.8,37.5,30.99
Rice,2012,Kharif,State17,484.68,7894.75,1789.02,352.64,38.83,16.01
Barley,2010,Whole Year,State7,37.81,5366.77,439.74,281.64,32.55,22.83
Rice,2005,Zaid,State20,393.93,4148.96,891.66,320.88,40.29,32.2
Barley,2018,Zaid,State9,18.22,5172.49,1321.85,442.44,47.1,21.64
Wheat,2011,Kharif,State14,22.58,4203.62,1267.21,363.71,27.25,38.22
Maize,2000,Rabi,State10,164.54,524.59,691.08,71.32,36.79,26.53
Maize,2017,Kharif,State10,298.84,5549.75,914.39,191.61,8.2,40.57
Sorghum,2013,Kharif,State18,44.75,4597.16,578.07,175.92,15.13,32.94
Rice,2011,Rabi,State3,280.37,7293.78,1294.07,84.42,29.76,7.83
Rice,2012,Kharif,State4,343.09,7732.01,373.39,449.48,7.01,3.7
Rice,2014,Rabi,State6,183.82,5391.46,1704.46,374.34,43.21,38.59
Maize,2008,Zaid,State4,491.17,2821.78,445.57,240.53,21.95,19.74
Barley,2013,Whole Year,State4,398.07,7041.62,869.67,142.17,32.89,31.77
Barley,2004,Kharif,State11,110.22,7008.67,1306.67,261.22,45.23,9.74
Sorghum,2002,Zaid,State18,425.03,7634.74,1025.07,392.74,41.69,29.17
Rice,2017,Rabi,State16,306.33,660.91,1442.19,324.83,7.4,16.4
Wheat,2005,Kharif,State1,321.02,101.5,1767.01,370.83,15.41,46.93
Maize,2014,Whole Year,State12,439.87,2104.34,1668.85,333.97,25.08,7.39
Sorghum,2004,Whole Year,State14,21.21,7663.35,1264.05,241.7,34.45,37.0
Wheat,2011,Zaid,State12,205.96,5415.62,1257.04,498.01,39.25,25.39
Barley,2016,Zaid,State20,202.5,9549.73,384.85,458.08,35.83,36.16
Wheat,2014,Rabi,State9,105.56,1829.03,861.23,304.02,22.59,14.35
Rice,2011,Zaid,State8,245.52,2891.5,518.63,401.01,5.41,2.42
